Nombre,Edad,Ciudad,Documento de Identidad,Fecha de Nacimiento,Teléfono,Dirección
Fernando Rodríguez Alonso,29,Valladolid,40437421V,1997-07-14,967488773,"Paseo de la Castellana, 148, 7ºB"
Fernando Álvarez Rodríguez,83,Madrid,21957737Z,1943-01-03,748784671,"Calle Real, 79, 8ºB"
Ricardo Ruiz López,26,Las Palmas,83598645N,2000-12-17,946842132,"Calle Nueva, 4, 3ºA"
Paula Sánchez González,77,Málaga,87454142K,1949-05-14,665606308,"Plaza de España, 104, 1ºD"
Andrés Muñoz Martínez,79,Vigo,72937320J,1947-03-11,985674963,"Plaza de España, 122, 3ºC"
Carmen Gutiérrez Moreno,23,Palma,46755028F,2003-09-03,666620967,"Calle de la Paz, 134, 1ºC"
Javier Martín García,23,Gijón,64121662N,2003-12-07,989846513,"Avenida de la Constitución, 135, 6ºA"
Raquel Gutiérrez Pérez,43,Sevilla,12738372X,1983-07-08,674598653,"Calle de la Paz, 31, 2ºD"
Ana Martín González,27,Alicante,88035868F,1999-08-11,910946278,"Calle Ancha, 107, 8ºD"
Carlos González Ruiz,65,Valladolid,89840029H,1961-05-29,647683297,"Calle Mayor, 84, 4ºC"
Marta Romero González,33,Las Palmas,70745449H,1993-03-29,619797832,"Avenida de la Constitución, 76, 4ºB"
Javier Ruiz Álvarez,46,Las Palmas,31705187T,1980-04-15,658486120,"Calle Real, 82, 1ºD"
Raquel Gutiérrez Pérez,85,Córdoba,63066506L,1941-05-13,673815952,"Calle del Sol, 126, 6ºC"
Andrés Gómez Martín,32,Alicante,65847432J,1994-07-18,738498368,"Avenida de la Constitución, 11, 7ºC"
Isabel Díaz Pérez,43,Alicante,23709961X,1983-06-17,736078410,"Avenida de Madrid, 100, 7ºD"
Andrés Ruiz Jiménez,60,Bilbao,98159682V,1966-01-05,743605451,"Calle Real, 112, 1ºB"
Carlos Jiménez Romero,71,Zaragoza,65623390L,1955-02-19,691055881,"Calle Real, 117, 8ºD"
Raquel García Martínez,51,Sevilla,47129342X,1975-01-26,677977978,"Avenida de la Constitución, 98, 2ºC"
Luis López Jiménez,57,Palma,58881533F,1969-09-26,943714708,"Plaza de España, 143, 4ºC"
Juan Gutiérrez Ruiz,66,Madrid,53066195N,1960-02-18,979395203,"Calle de la Paz, 75, 2ºB"
Miguel Ruiz Moreno,69,Sevilla,16583375W,1957-10-25,627590633,"Calle de la Paz, 121, 6ºD"
María López Gutiérrez,70,Sevilla,78513012S,1956-12-23,732011367,"Calle de la Paz, 133, 6ºB"
Ana García Alonso,78,Vigo,71745273C,1948-06-08,650053191,"Plaza de España, 4, 7ºA"
Javier Muñoz Gutiérrez,18,Barcelona,31590846S,2008-06-19,660121180,"Calle del Sol, 145, 5ºB"
Lucía González Martín,54,Palma,37764536F,1972-01-07,738720054,"Calle Ancha, 102, 7ºC"
Elena Moreno Moreno,70,Murcia,72121056T,1956-06-24,739794556,"Avenida de Madrid, 22, 6ºD"
Pedro Alonso Rodríguez,33,Bilbao,34092108T,1993-04-03,646387867,"Calle Mayor, 84, 6ºA"
Lucía Moreno Díaz,46,Vigo,29309023X,1980-12-09,722172584,"Plaza de España, 60, 5ºC"
Javier Hernández Ruiz,66,Sevilla,17608565J,1960-01-16,953193302,"Calle de la Paz, 123, 6ºD"
Diego Martínez Fernández,39,Sevilla,80270302A,1987-12-19,655828969,"Calle Ancha, 43, 5ºC"
Marta Gómez Díaz,33,Zaragoza,65131395G,1993-08-26,684838949,"Avenida de la Constitución, 30, 2ºC"
Luis Muñoz Gómez,57,Valladolid,20111195F,1969-08-06,739802227,"Avenida de la Constitución, 113, 2ºB"
Fernando Jiménez Fernández,56,Málaga,82395943X,1970-11-13,947896991,"Plaza de España, 78, 7ºC"
Ricardo Ruiz Alonso,31,Valencia,88565435J,1995-12-15,641023245,"Calle de la Paz, 23, 4ºA"
Raquel Rodríguez Moreno,74,Bilbao,71876867W,1952-10-02,927609878,"Calle Real, 88, 8ºD"
Lucía López Alonso,40,Valladolid,21343297N,1986-05-13,657621186,"Plaza de España, 61, 1ºC"
Diego Martínez Sánchez,69,Vigo,48707488N,1957-05-14,725312371,"Calle del Sol, 49, 3ºB"
Pedro Sánchez Moreno,68,Barcelona,39682747J,1958-05-13,687804829,"Calle del Sol, 19, 8ºD"
María González González,44,Valencia,98902965F,1982-09-26,986691949,"Plaza de España, 52, 3ºA"
Sofía Martín López,34,Alicante,56682916K,1992-11-14,613626229,"Calle Real, 128, 2ºA"
Luis Rodríguez Jiménez,83,Zaragoza,83114170H,1943-05-15,939789661,"Calle Ancha, 77, 3ºC"
Diego González Muñoz,36,Palma,11937618V,1990-07-29,793340290,"Plaza de España, 63, 1ºA"
María Martínez Martínez,67,Alicante,17011680F,1959-03-06,741154139,"Plaza de España, 93, 4ºC"
Ana Romero Alonso,58,Málaga,29408548C,1968-05-24,926608284,"Calle del Sol, 146, 1ºB"
Diego Martínez Hernández,61,Madrid,44788334B,1965-07-16,651786744,"Calle Mayor, 129, 2ºC"
Sofía Romero Hernández,49,Bilbao,85607615H,1977-11-11,771849428,"Calle Ancha, 111, 7ºB"
María Alonso Martín,23,Vigo,78185768C,2003-08-18,720030233,"Calle Real, 80, 7ºA"
María Jiménez Sánchez,43,Gijón,86658849A,1983-11-17,960242000,"Calle del Sol, 53, 3ºB"
Carmen Pérez González,42,Córdoba,97929106D,1984-06-30,717169620,"Calle Ancha, 75, 1ºB"
Carlos Gómez Alonso,64,Murcia,10460261H,1962-04-21,975354029,"Calle Real, 128, 5ºD"
Ana Díaz Gutiérrez,78,Zaragoza,10960735G,1948-11-19,694430152,"Calle del Sol, 54, 1ºD"
Ricardo Romero Muñoz,54,Gijón,57653742W,1972-04-29,991721719,"Calle del Sol, 14, 8ºA"
Ricardo Álvarez Gutiérrez,58,Málaga,24667581C,1968-07-05,912115874,"Plaza de España, 73, 5ºB"
Lucía García Martín,73,Zaragoza,75765601F,1953-01-26,780213579,"Paseo de la Castellana, 83, 6ºC"
María Hernández Gómez,59,Gijón,23806764R,1967-09-30,681027715,"Avenida de la Constitución, 36, 3ºB"
Luis Jiménez Fernández,33,Murcia,91967662R,1993-01-01,632489145,"Calle Mayor, 139, 8ºC"
Juan Ruiz Rodríguez,29,Palma,47524310J,1997-07-28,967561426,"Avenida de Madrid, 64, 4ºB"
Sofía Gómez López,52,Alicante,69558568R,1974-08-04,740347414,"Calle Ancha, 118, 6ºC"
Luis López Sánchez,24,Sevilla,82928421T,2002-07-03,913302413,"Avenida de la Constitución, 22, 1ºD"
Ricardo López Muñoz,43,Bilbao,41209423L,1983-12-04,651749312,"Plaza de España, 70, 3ºC"
Miguel Fernández Díaz,75,Valladolid,20715876P,1951-08-14,629208748,"Calle Nueva, 118, 5ºC"
Ana García Alonso,19,Málaga,75474780A,2007-07-06,634566927,"Calle de la Paz, 50, 7ºB"
Luis Martín Pérez,75,Vigo,61000221Y,1951-02-27,965624433,"Calle Ancha, 29, 3ºD"
Fernando Sánchez Díaz,65,Valencia,15435880N,1961-10-18,791516586,"Calle Real, 55, 8ºD"
Luis Jiménez López,48,Murcia,40517534M,1978-11-02,611481568,"Calle Ancha, 32, 4ºD"
Carlos López Martínez,32,Murcia,93784179L,1994-12-31,732020162,"Calle Ancha, 22, 8ºB"
Paula Álvarez Muñoz,53,Bilbao,28990393H,1973-03-28,680392532,"Plaza de España, 117, 7ºA"
Miguel Romero Gómez,76,Barcelona,21018990E,1950-12-03,764481898,"Calle Mayor, 150, 7ºD"
Sofía Muñoz Sánchez,31,Murcia,98094921L,1995-09-23,715778806,"Calle Mayor, 57, 3ºC"
Luis Jiménez Alonso,53,Barcelona,44075620Y,1973-06-22,682441103,"Plaza de España, 150, 8ºC"
Fernando Díaz Moreno,62,Las Palmas,60732416P,1964-12-21,643654196,"Avenida de la Constitución, 34, 4ºD"
Raquel Martínez Rodríguez,78,Alicante,86690102F,1948-11-11,720669369,"Calle del Sol, 2, 7ºC"
Diego García Pérez,66,Córdoba,18238887E,1960-02-24,782484203,"Avenida de Madrid, 2, 8ºB"
Lucía Pérez Álvarez,36,Málaga,57458945Q,1990-07-30,678967030,"Calle del Sol, 6, 3ºC"
Elena López González,45,Sevilla,87049905R,1981-02-07,717873481,"Avenida de Madrid, 113, 8ºD"
Andrés Gómez Muñoz,59,Alicante,55566917H,1967-04-27,741209133,"Calle Nueva, 25, 2ºC"
Sofía Rodríguez Rodríguez,60,Gijón,58354774S,1966-11-18,911815840,"Paseo de la Castellana, 49, 6ºB"
Sofía Álvarez González,54,Alicante,71753848Z,1972-12-13,675125710,"Avenida de la Constitución, 126, 2ºB"
Juan Muñoz Sánchez,39,Barcelona,26253528C,1987-12-19,632770324,"Calle Mayor, 28, 1ºB"
Fernando Hernández Fernández,54,Barcelona,93333320X,1972-07-13,977230896,"Plaza de España, 138, 5ºC"
Juan Jiménez Martínez,71,Bilbao,10389865D,1955-04-01,739048170,"Calle del Sol, 137, 6ºD"
Ana Fernández Sánchez,28,Zaragoza,70095665T,1998-04-20,792370525,"Calle Real, 100, 7ºD"
Diego Jiménez Martín,85,Las Palmas,66740620B,1941-10-19,974961032,"Calle de la Paz, 122, 7ºB"
Paula Muñoz Fernández,54,Málaga,42576190P,1972-11-21,999326321,"Calle Mayor, 69, 7ºD"
Ana González Martínez,21,Valladolid,55088802H,2005-04-02,957487490,"Calle Mayor, 100, 6ºA"
Fernando Ruiz Martín,76,Alicante,99242911Q,1950-07-23,981893868,"Avenida de la Constitución, 54, 7ºA"
Carmen Muñoz Martínez,25,Las Palmas,35857198Z,2001-02-11,915128763,"Calle del Sol, 15, 6ºA"
Miguel Romero Ruiz,53,Sevilla,23056324E,1973-11-02,914559961,"Avenida de Madrid, 46, 5ºC"
Raquel Martínez Rodríguez,81,Palma,41108067R,1945-03-11,753181603,"Avenida de Madrid, 90, 4ºA"
Pedro Ruiz Hernández,86,Sevilla,26561576H,1940-12-27,975784178,"Calle del Sol, 118, 5ºA"
Ana Hernández Gómez,35,Bilbao,78939554E,1991-08-18,785415247,"Calle Mayor, 110, 2ºB"
Javier Sánchez Jiménez,68,Zaragoza,48553905H,1958-11-21,771402449,"Paseo de la Castellana, 9, 8ºB"
Pedro González Pérez,79,Sevilla,79724252D,1947-03-24,727321842,"Calle Real, 68, 6ºA"
Luis Moreno Gómez,84,Murcia,20518155J,1942-04-10,933347551,"Plaza de España, 135, 7ºB"
Lucía Pérez Muñoz,80,Madrid,84493435Z,1946-05-21,633686213,"Calle de la Paz, 41, 4ºA"
Lucía Martínez Moreno,76,Málaga,29923223R,1950-01-25,776637968,"Calle Real, 65, 2ºD"
Juan Díaz Hernández,28,Zaragoza,81622548N,1998-11-12,739255319,"Calle Real, 105, 1ºC"
Andrés García Hernández,23,Murcia,56978503Y,2003-10-31,664395936,"Calle Real, 73, 1ºB"
Pedro Rodríguez Sánchez,74,Las Palmas,16003439B,1952-10-07,785823837,"Calle Mayor, 22, 5ºB"
Marta González Alonso,56,Málaga,58601511X,1970-10-27,917830317,"Calle Mayor, 16, 6ºD"
Diego Álvarez Fernández,47,Zaragoza,48392103K,1979-12-17,663344572,"Paseo de la Castellana, 33, 5ºA"
Carlos González Romero,36,Palma,26378598K,1990-12-21,774939444,"Avenida de Madrid, 7, 2ºA"
Sofía Sánchez Gómez,76,Murcia,22824859F,1950-08-16,963415043,"Avenida de la Constitución, 132, 1ºC"
Marta Gómez Álvarez,28,Zaragoza,76672550H,1998-12-21,675434557,"Calle Ancha, 81, 8ºC"
Pedro Alonso Martín,18,Málaga,54506101B,2008-01-07,671872203,"Plaza de España, 148, 4ºA"
Carlos Moreno García,73,Córdoba,54612399E,1953-06-26,623677779,"Calle Ancha, 115, 5ºC"
Raquel Díaz Martín,85,Las Palmas,34889304H,1941-04-27,718516807,"Calle Ancha, 103, 2ºD"
Ricardo Martínez Álvarez,20,Sevilla,79192255A,2006-02-26,773499545,"Calle Real, 131, 4ºB"
Sofía Álvarez Pérez,45,Sevilla,30430381G,1981-07-14,667656896,"Calle de la Paz, 95, 1ºA"
Marta Sánchez García,58,Bilbao,57537112Y,1968-04-17,616936369,"Avenida de Madrid, 12, 7ºB"
Luis Gómez Rodríguez,77,Málaga,20147628G,1949-03-19,738106320,"Calle Real, 115, 6ºA"
Sofía Sánchez García,42,Barcelona,92616443D,1984-01-11,752740751,"Calle Nueva, 77, 8ºD"
Paula Martínez Muñoz,19,Zaragoza,17955878Y,2007-09-16,793682110,"Plaza de España, 130, 6ºB"
Sofía Jiménez García,86,Valencia,94611920Y,1940-01-05,767852845,"Calle Real, 53, 1ºB"
Raquel Díaz Gómez,39,Madrid,35343737F,1987-08-23,661867005,"Calle Mayor, 45, 2ºD"
Pedro Fernández Alonso,24,Bilbao,49892122M,2002-03-13,694374375,"Calle Real, 75, 1ºB"
Sofía Muñoz Muñoz,81,Córdoba,91698488G,1945-03-02,988670967,"Paseo de la Castellana, 70, 3ºD"
Lucía Martín Gutiérrez,37,Gijón,81674930Y,1989-05-03,719240156,"Calle Mayor, 126, 8ºC"
Carlos Alonso Pérez,75,Palma,38433745W,1951-05-24,632693324,"Calle de la Paz, 104, 3ºB"
Sofía Fernández Álvarez,40,Sevilla,90200425K,1986-06-01,673755180,"Paseo de la Castellana, 117, 1ºC"
Raquel Díaz Muñoz,30,Alicante,57656827L,1996-03-31,956757110,"Avenida de Madrid, 47, 5ºD"
Carlos Sánchez Sánchez,55,Zaragoza,33918521J,1971-07-16,974947695,"Avenida de Madrid, 97, 6ºC"
Juan Ruiz Jiménez,50,Vigo,32161779N,1976-08-25,622162804,"Calle Nueva, 86, 5ºD"
Elena Martínez Álvarez,56,Málaga,85421120A,1970-08-03,787284397,"Plaza de España, 73, 5ºD"
Lucía Romero López,59,Madrid,47801840E,1967-05-23,950968822,"Calle Mayor, 67, 4ºC"
Diego Ruiz López,18,Alicante,52786068C,2008-10-15,975601750,"Calle Ancha, 15, 6ºD"
Lucía Gutiérrez Díaz,57,Córdoba,58023638P,1969-11-14,961512431,"Calle de la Paz, 49, 8ºD"
Fernando Romero Sánchez,59,Zaragoza,55860166Q,1967-06-20,977071510,"Calle del Sol, 124, 6ºC"
Luis Sánchez Muñoz,51,Alicante,54510319F,1975-08-26,745969819,"Calle Mayor, 66, 2ºC"
Fernando Moreno López,49,Sevilla,84744544K,1977-01-27,986107207,"Calle Real, 137, 7ºA"
Javier Díaz García,18,Palma,86937372R,2008-04-18,768071971,"Calle Ancha, 119, 5ºD"
Miguel Díaz Martínez,33,Gijón,91677802Q,1993-02-17,634597424,"Calle Mayor, 35, 2ºB"
Luis Pérez Rodríguez,75,Barcelona,91990949C,1951-12-24,617359821,"Paseo de la Castellana, 85, 7ºB"
Raquel Gómez Pérez,22,Sevilla,99176825S,2004-03-23,987049466,"Calle de la Paz, 47, 1ºD"
Marta Moreno Díaz,19,Vigo,94655456E,2007-01-12,790042362,"Paseo de la Castellana, 14, 2ºA"
Carlos Martín Alonso,72,Córdoba,20348113G,1954-07-04,614523084,"Calle Nueva, 11, 5ºA"
Carmen Álvarez Moreno,21,Valladolid,73317394E,2005-06-23,977372791,"Plaza de España, 124, 4ºB"
Andrés Díaz Díaz,81,Málaga,53363412V,1945-07-11,785030711,"Avenida de la Constitución, 39, 5ºD"
Carmen Martín Álvarez,67,Bilbao,73537290X,1959-02-28,636927940,"Calle Ancha, 47, 4ºC"
Miguel Romero Gutiérrez,68,Madrid,58622977W,1958-08-10,784076416,"Calle de la Paz, 96, 4ºC"
Fernando Sánchez Hernández,64,Córdoba,83251811C,1962-04-23,997378020,"Paseo de la Castellana, 43, 2ºB"
Carmen Martín Rodríguez,18,Vigo,28153468S,2008-09-02,672521841,"Avenida de Madrid, 19, 1ºC"
Javier Martínez Romero,60,Madrid,73191505Q,1966-12-21,692715069,"Avenida de la Constitución, 83, 5ºB"
Sofía Martínez Álvarez,69,Zaragoza,27047904Q,1957-12-24,626012574,"Paseo de la Castellana, 148, 8ºC"
Elena Martín Martín,18,Vigo,65402912B,2008-10-24,999787833,"Avenida de la Constitución, 150, 8ºD"
Paula Ruiz Álvarez,51,Valladolid,14237358A,1975-09-01,612315144,"Avenida de la Constitución, 81, 6ºA"
Sofía Romero Hernández,25,Murcia,38937689L,2001-08-16,672759597,"Paseo de la Castellana, 105, 6ºD"
Paula Hernández Hernández,33,Murcia,62434637Y,1993-04-09,627286307,"Plaza de España, 125, 4ºD"
Sofía Jiménez Gutiérrez,38,Málaga,23245802H,1988-11-20,935427582,"Calle del Sol, 128, 7ºA"
Ricardo Romero Ruiz,58,Murcia,79548737G,1968-12-05,912085557,"Avenida de la Constitución, 86, 4ºB"
Ana Martín Moreno,59,Valencia,67467816A,1967-08-25,656150845,"Calle Mayor, 89, 4ºC"
Marta Muñoz López,26,Zaragoza,63155460F,2000-06-07,622222026,"Avenida de la Constitución, 4, 4ºA"
Sofía Martín Muñoz,54,Valladolid,37408965S,1972-10-31,922604398,"Plaza de España, 74, 7ºB"
Raquel Martín Pérez,82,Córdoba,21972900F,1944-08-10,675207003,"Avenida de Madrid, 7, 2ºB"
Raquel Martín Díaz,30,Valladolid,44251124A,1996-06-07,694845172,"Paseo de la Castellana, 135, 7ºB"
Paula Pérez Jiménez,75,Valencia,93551587M,1951-02-20,628076246,"Avenida de la Constitución, 79, 8ºD"
Andrés Fernández García,70,Palma,64523204K,1956-01-20,974806151,"Paseo de la Castellana, 93, 8ºD"
Lucía Pérez Muñoz,37,Barcelona,79521939P,1989-09-16,634938501,"Calle Nueva, 95, 3ºB"
Paula Hernández Álvarez,80,Málaga,38591836C,1946-02-21,715080652,"Calle Mayor, 31, 7ºD"
Javier Hernández Martínez,62,Sevilla,56195979F,1964-02-15,925894694,"Avenida de la Constitución, 111, 7ºD"
Ricardo Pérez Martínez,21,Málaga,85130377L,2005-10-02,787731672,"Calle Mayor, 67, 2ºD"
Paula López Álvarez,80,Sevilla,75310944E,1946-04-13,941502612,"Avenida de la Constitución, 4, 7ºD"
Carmen Muñoz Jiménez,59,Madrid,76360170X,1967-05-08,980529753,"Calle Real, 79, 5ºC"
Sofía Romero Gutiérrez,24,Gijón,41529483K,2002-03-03,962315164,"Calle Real, 4, 4ºB"
Elena Díaz Díaz,29,Murcia,92965198L,1997-03-12,945321190,"Calle Ancha, 4, 5ºB"
Lucía Ruiz Martín,49,Las Palmas,71022229B,1977-02-19,659211863,"Avenida de la Constitución, 35, 3ºD"
Juan García Hernández,74,Valencia,97891842Z,1952-06-30,962613638,"Calle Nueva, 101, 6ºA"
Paula Gutiérrez Sánchez,26,Vigo,34173771H,2000-02-19,960337669,"Calle del Sol, 123, 1ºC"
Fernando Muñoz Álvarez,24,Gijón,20313120J,2002-06-01,971113928,"Plaza de España, 120, 2ºC"
Elena Fernández Díaz,67,Zaragoza,32359686V,1959-11-03,774224464,"Calle Mayor, 10, 4ºC"
Sofía Martínez Muñoz,84,Barcelona,13287609J,1942-08-23,969779366,"Calle Nueva, 148, 5ºA"
Andrés Romero Fernández,19,Málaga,84148726M,2007-10-10,986819846,"Calle Nueva, 36, 3ºB"
Lucía García Martín,53,Gijón,21723494J,1973-02-15,652451480,"Calle Nueva, 85, 8ºD"
Miguel Jiménez Ruiz,27,Valencia,47767313Q,1999-04-17,695279207,"Calle Nueva, 149, 5ºC"
Diego Álvarez Gómez,75,Alicante,20902456Q,1951-04-30,613538948,"Calle Ancha, 122, 7ºC"
Miguel Martín Alonso,76,Córdoba,11013325F,1950-07-27,988784360,"Plaza de España, 108, 4ºA"
Raquel Martín Rodríguez,44,Vigo,12789739Y,1982-09-23,740418598,"Avenida de Madrid, 67, 4ºA"
Javier Romero Rodríguez,39,Las Palmas,61239342Z,1987-03-22,790602094,"Calle Mayor, 31, 6ºD"
Sofía González Alonso,80,Palma,52968783V,1946-06-20,666414776,"Calle Real, 51, 8ºB"
Ana Gutiérrez Fernández,18,Palma,64941753T,2008-01-16,764036753,"Calle Mayor, 105, 8ºB"
Elena Martínez Alonso,50,Las Palmas,72204274Z,1976-09-28,745846844,"Paseo de la Castellana, 116, 6ºB"
María Pérez Martínez,33,Málaga,61390528V,1993-03-25,753891303,"Calle Ancha, 146, 2ºD"
Marta Pérez Gómez,48,Alicante,33579685A,1978-01-16,798922423,"Calle Ancha, 5, 5ºB"
Miguel Rodríguez Martín,58,Barcelona,80818602K,1968-10-02,653424659,"Plaza de España, 85, 6ºD"
Luis Moreno Moreno,54,Barcelona,83642769X,1972-11-21,660403107,"Calle del Sol, 72, 5ºC"
María Martín Gómez,66,Valencia,14402241X,1960-06-04,973718527,"Calle Real, 149, 1ºA"
Andrés Gutiérrez González,37,Valladolid,47142141Z,1989-05-05,986827751,"Calle Nueva, 40, 3ºC"
Ricardo Martínez Moreno,44,Córdoba,33844859D,1982-06-25,688257142,"Calle Ancha, 14, 4ºD"
Luis Ruiz Jiménez,72,Las Palmas,29600664H,1954-06-23,741826523,"Paseo de la Castellana, 56, 5ºB"
Elena Pérez González,26,Sevilla,81456946B,2000-04-15,734643153,"Avenida de Madrid, 2, 5ºA"
Andrés Gómez Jiménez,37,Palma,51017345Q,1989-09-14,667158154,"Paseo de la Castellana, 52, 7ºC"
Marta Álvarez González,29,Madrid,37909734Y,1997-02-25,618403886,"Calle Real, 40, 5ºC"
Marta Díaz Muñoz,58,Murcia,90328206A,1968-05-28,739885637,"Calle Real, 50, 4ºB"
Isabel Martínez Moreno,42,Córdoba,69263774Y,1984-12-09,683882093,"Avenida de Madrid, 63, 7ºC"
Sofía García Álvarez,68,Alicante,57992737G,1958-08-18,944406825,"Plaza de España, 64, 5ºA"
Elena Alonso Gómez,24,Palma,42736281D,2002-06-02,991374110,"Plaza de España, 115, 5ºC"
Miguel Rodríguez Álvarez,72,Córdoba,24297372P,1954-03-15,791610261,"Calle Real, 119, 5ºA"
Javier Fernández Ruiz,51,Las Palmas,78430052N,1975-06-17,677722113,"Calle Mayor, 55, 5ºA"
Luis Martín Martín,26,Madrid,16430980E,2000-06-19,666401993,"Calle Real, 109, 1ºB"
Fernando Muñoz Martín,45,Barcelona,73152117Q,1981-08-24,935724345,"Calle del Sol, 106, 6ºC"
Diego González Muñoz,68,Vigo,12434404S,1958-11-10,920249310,"Plaza de España, 57, 2ºA"
María Moreno Álvarez,42,Málaga,91560433X,1984-03-01,755410776,"Calle Ancha, 1, 5ºC"
Carlos López Díaz,23,Valencia,59093336P,2003-02-03,798062120,"Avenida de Madrid, 84, 4ºC"
Miguel Martínez López,86,Madrid,63621892B,1940-04-04,795475689,"Plaza de España, 131, 8ºC"
María Gutiérrez Alonso,71,Málaga,75642463K,1955-08-11,736620981,"Calle del Sol, 84, 5ºC"
Fernando Pérez González,40,Palma,49393100S,1986-11-08,625524696,"Calle del Sol, 78, 6ºD"
Ana Díaz Ruiz,64,Palma,81510669F,1962-12-05,931081073,"Calle Real, 104, 2ºC"
Elena López Muñoz,47,Vigo,18322275G,1979-03-30,791576494,"Calle del Sol, 110, 2ºA"
Pedro Fernández Rodríguez,55,Málaga,15187126P,1971-07-24,682308062,"Calle Ancha, 116, 8ºD"
Carmen López Ruiz,31,Valencia,92137144S,1995-08-18,959235961,"Calle Real, 127, 2ºD"
Diego Rodríguez Sánchez,61,Málaga,69083624C,1965-11-04,915453847,"Calle Ancha, 61, 6ºA"
Miguel Alonso López,69,Las Palmas,46185874K,1957-09-28,687324663,"Avenida de la Constitución, 122, 6ºD"
Elena Alonso Martínez,37,Gijón,76849675W,1989-07-02,613438321,"Plaza de España, 142, 3ºB"
Marta Moreno Romero,42,Valladolid,63788627Y,1984-11-30,623216842,"Calle del Sol, 73, 8ºB"
Ricardo Hernández Moreno,51,Córdoba,76257785V,1975-03-06,786210023,"Calle Mayor, 62, 7ºC"
Miguel Muñoz Rodríguez,81,Córdoba,85268239Z,1945-06-29,739643906,"Calle Nueva, 44, 6ºC"
Diego Pérez Martínez,48,Alicante,64310527D,1978-07-24,741535542,"Paseo de la Castellana, 92, 5ºD"
Juan Hernández Muñoz,37,Valencia,63981050L,1989-08-31,627553519,"Avenida de la Constitución, 11, 1ºA"
Ricardo Gutiérrez Jiménez,80,Sevilla,92403480X,1946-10-14,745590857,"Paseo de la Castellana, 63, 2ºA"
Isabel Álvarez Gómez,55,Alicante,53318909S,1971-05-30,710034666,"Calle Real, 74, 7ºA"
Fernando García Jiménez,53,Alicante,40279632D,1973-02-11,964800685,"Calle Nueva, 53, 1ºD"
Diego Díaz Martín,29,Valladolid,95951418G,1997-06-21,627605283,"Calle Mayor, 108, 5ºC"
Marta García Gutiérrez,61,Murcia,18022611P,1965-06-27,911120825,"Calle Ancha, 66, 2ºB"
Luis Gutiérrez López,27,Sevilla,39237136T,1999-09-07,987428122,"Calle Mayor, 28, 1ºD"
Diego López Muñoz,71,Gijón,19407728A,1955-03-09,979982523,"Avenida de Madrid, 88, 4ºC"
Isabel López Álvarez,31,Palma,28462819T,1995-10-04,988140839,"Calle Ancha, 48, 6ºA"
Marta Sánchez Díaz,52,Valladolid,60038670A,1974-07-25,992154169,"Calle Real, 77, 1ºC"
Lucía Rodríguez López,40,Valencia,67572660W,1986-01-07,618375216,"Calle de la Paz, 145, 4ºC"
Isabel Pérez Moreno,53,Alicante,34873392F,1973-11-30,638993666,"Calle de la Paz, 19, 1ºD"
Marta Jiménez Romero,26,Valencia,88787944Y,2000-04-25,996483521,"Plaza de España, 14, 5ºB"
Diego Romero Hernández,65,Madrid,31307642C,1961-06-05,694147120,"Paseo de la Castellana, 93, 3ºA"
Elena García Martínez,22,Barcelona,10782753K,2004-09-27,971980590,"Calle Real, 66, 3ºB"
Lucía González Gutiérrez,37,Vigo,92734736D,1989-03-22,941210662,"Calle del Sol, 17, 7ºC"
Miguel Gómez Rodríguez,34,Barcelona,33354906W,1992-01-03,767307154,"Avenida de Madrid, 52, 6ºC"
Fernando Álvarez Gutiérrez,25,Bilbao,35696889Q,2001-04-13,757843396,"Calle Real, 84, 4ºC"
Fernando Moreno Gómez,19,Valencia,30406430G,2007-03-10,646452858,"Calle Mayor, 37, 1ºD"
Carlos Moreno Gutiérrez,27,Valencia,18382365H,1999-10-16,696325556,"Calle del Sol, 104, 5ºC"
Juan López Jiménez,32,Valencia,99184150N,1994-05-20,647646557,"Calle Nueva, 120, 5ºD"
Juan Jiménez González,68,Murcia,21202170J,1958-02-01,620717639,"Calle Nueva, 17, 1ºD"
Juan Muñoz López,34,Córdoba,88057218E,1992-08-12,622763051,"Calle Real, 61, 4ºC"
Juan Ruiz Gutiérrez,36,Murcia,82864380S,1990-10-12,782925663,"Calle Mayor, 144, 3ºC"
Pedro Jiménez Álvarez,48,Murcia,51810259W,1978-10-22,759144991,"Calle de la Paz, 97, 8ºB"
Pedro González Martín,41,Barcelona,75913627A,1985-11-01,971509649,"Avenida de la Constitución, 57, 4ºD"
Miguel Sánchez Hernández,23,Valladolid,89087188Q,2003-04-28,740216430,"Calle Real, 32, 2ºA"
Javier Pérez Gutiérrez,29,Málaga,10933441T,1997-02-16,624427415,"Calle Mayor, 16, 3ºC"
Fernando Ruiz López,55,Córdoba,37130507F,1971-01-21,654219153,"Avenida de la Constitución, 112, 4ºC"
Carmen Hernández Jiménez,60,Alicante,97215220N,1966-02-11,737566376,"Calle Nueva, 140, 1ºA"
Diego Pérez Martín,62,Bilbao,45409322N,1964-03-31,977495830,"Plaza de España, 44, 2ºD"
María Hernández Sánchez,82,Gijón,46740187S,1944-10-30,674382318,"Calle Real, 130, 3ºA"
Diego Jiménez Pérez,54,Murcia,55599602Z,1972-05-31,639105965,"Avenida de la Constitución, 133, 1ºD"
Marta Muñoz Moreno,27,Las Palmas,33940063W,1999-06-24,663702295,"Calle del Sol, 40, 1ºB"
Fernando Martín Martínez,50,Valencia,33405222N,1976-01-17,611813948,"Avenida de la Constitución, 102, 4ºB"
Carmen González Muñoz,33,Madrid,26424208J,1993-11-12,963227922,"Calle Mayor, 32, 7ºA"
Javier Romero Gutiérrez,69,Madrid,70638533L,1957-12-20,975240036,"Paseo de la Castellana, 32, 1ºC"
Ricardo Romero Gutiérrez,37,Córdoba,95156754Q,1989-03-09,787630053,"Calle Nueva, 140, 6ºB"
Miguel Martín Díaz,24,Murcia,42329428H,2002-12-09,676847241,"Avenida de Madrid, 115, 8ºA"
Miguel González Hernández,69,Las Palmas,75590749G,1957-06-20,912340290,"Calle Mayor, 139, 8ºD"
María Fernández Gutiérrez,22,Palma,11040721M,2004-01-29,674169168,"Avenida de Madrid, 110, 2ºB"
Isabel Fernández Fernández,72,Madrid,32922682T,1954-10-29,680173787,"Avenida de Madrid, 84, 5ºB"
Carlos Alonso Jiménez,67,Valladolid,71492530W,1959-05-01,632328344,"Paseo de la Castellana, 72, 2ºD"
Raquel Jiménez Rodríguez,39,Gijón,32783776D,1987-06-29,745174334,"Calle Real, 129, 7ºC"
Javier Sánchez Martínez,50,Valladolid,89437773G,1976-05-13,995106428,"Avenida de la Constitución, 24, 4ºD"
María Romero Martínez,46,Zaragoza,34141655K,1980-08-15,670466021,"Calle del Sol, 145, 3ºC"
Lucía Alonso Muñoz,35,Valladolid,84414458C,1991-06-10,939221816,"Avenida de la Constitución, 57, 8ºD"
Carmen Díaz Rodríguez,38,Gijón,72873616C,1988-07-08,693047078,"Paseo de la Castellana, 97, 5ºD"
Carlos Alonso Álvarez,31,Málaga,12468896S,1995-10-20,790401989,"Calle de la Paz, 24, 6ºA"
Raquel Fernández Díaz,77,Alicante,82411468W,1949-10-07,913538072,"Calle Nueva, 52, 8ºB"
Raquel Ruiz Rodríguez,78,Murcia,13247792J,1948-04-02,988822508,"Calle del Sol, 85, 6ºC"
Fernando González Romero,36,Valencia,54852195S,1990-03-30,993653548,"Calle Ancha, 73, 1ºA"
Paula Jiménez Fernández,33,Zaragoza,71117208W,1993-01-24,949535842,"Calle Nueva, 18, 3ºC"
Elena González Jiménez,77,Zaragoza,49000560M,1949-03-27,726495156,"Calle del Sol, 25, 2ºB"
Carlos Romero Moreno,73,Las Palmas,98238680H,1953-03-04,663387314,"Paseo de la Castellana, 123, 7ºB"
María Martínez López,84,Gijón,93931526V,1942-02-08,681979498,"Calle Mayor, 55, 5ºC"
Pedro Díaz Martínez,48,Valladolid,18183736B,1978-10-03,657123948,"Calle del Sol, 75, 2ºD"
Isabel Sánchez Martínez,61,Las Palmas,73630170J,1965-05-31,644664476,"Calle de la Paz, 148, 6ºD"
Ana Fernández Álvarez,80,Madrid,72947731Q,1946-12-08,647756492,"Calle Nueva, 26, 8ºB"
Carmen Romero Alonso,31,Gijón,38438832J,1995-01-05,684862597,"Calle Nueva, 90, 4ºD"
Juan Romero Martínez,67,Zaragoza,62497671E,1959-01-04,761069588,"Calle del Sol, 129, 2ºA"
Carlos Moreno Fernández,50,Palma,51444333A,1976-01-01,726212772,"Calle Real, 82, 1ºD"
Diego Martín Ruiz,34,Zaragoza,71035597E,1992-08-06,688662780,"Calle Nueva, 53, 7ºA"
Ricardo Hernández Sánchez,78,Gijón,35190867B,1948-11-25,999026107,"Avenida de Madrid, 40, 5ºA"
Javier Rodríguez Alonso,82,Valladolid,35014685N,1944-04-22,722749302,"Calle del Sol, 124, 1ºA"
Raquel Alonso Díaz,29,Sevilla,60535722D,1997-09-06,994695732,"Calle de la Paz, 34, 7ºB"
Luis Álvarez López,47,Zaragoza,61364299M,1979-06-05,982882549,"Calle del Sol, 58, 1ºD"
Sofía Ruiz Ruiz,57,Zaragoza,85058402A,1969-04-30,644647398,"Avenida de la Constitución, 91, 6ºD"
Diego Martínez Díaz,19,Córdoba,44091147G,2007-03-29,776048052,"Calle Mayor, 100, 8ºD"
María Martínez Rodríguez,68,Zaragoza,88720724Q,1958-08-16,946298478,"Avenida de la Constitución, 3, 1ºA"
Sofía Gómez Díaz,62,Córdoba,15432298S,1964-04-14,677196755,"Calle Mayor, 127, 7ºD"
Juan Martínez Jiménez,29,Las Palmas,44569412M,1997-03-23,738235137,"Calle Mayor, 127, 8ºB"
María López López,36,Palma,36200518W,1990-02-12,692609563,"Calle Ancha, 85, 6ºA"
Elena Muñoz Pérez,50,Córdoba,79920580Q,1976-03-31,926108797,"Calle Real, 28, 7ºD"
Marta Romero López,55,Palma,11900176M,1971-09-03,932584710,"Calle Ancha, 113, 2ºC"
Paula Muñoz Alonso,60,Valladolid,21319219P,1966-01-16,649194304,"Paseo de la Castellana, 94, 3ºB"
Pedro López Alonso,58,Valladolid,97833308A,1968-03-27,765288476,"Paseo de la Castellana, 20, 1ºA"
Isabel Rodríguez Díaz,62,Murcia,82038302B,1964-06-23,620567941,"Paseo de la Castellana, 9, 6ºB"
Fernando Martínez López,74,Gijón,68789070Z,1952-12-12,754795228,"Paseo de la Castellana, 4, 3ºB"
Raquel Martínez Ruiz,81,Las Palmas,82384631D,1945-08-30,910601406,"Calle Real, 89, 1ºB"
Elena Muñoz Jiménez,32,Sevilla,82347064J,1994-11-17,923230633,"Calle Real, 46, 2ºC"
Marta Sánchez Martínez,36,Palma,60209517E,1990-09-07,637724962,"Plaza de España, 122, 6ºA"
Marta Jiménez Jiménez,22,Valladolid,58428349Y,2004-06-22,724724638,"Plaza de España, 132, 3ºD"
